{
  "name": "Perception-Playground (ROS 2 Jazzy + Nav2)",
  "build": {
    "dockerfile": "Dockerfile"
  },
  "remoteEnv": {
    "ROS_DISTRO": "jazzy",
    "DISPLAY": ":1",
    "VNC_PASSWORD": "${localEnv:VNC_PASSWORD}"
  },
  "runArgs": [
    "--env-file=${localWorkspaceFolder}/.devcontainer/.env"
  ],
  "forwardPorts": [
    6080,
    5901
  ],
  "portsAttributes": {
    "6080": {
      "label": "noVNC",
      "onAutoForward": "notify"
    }
  },
  "mounts": [
    "source=${localWorkspaceFolder}/..,target=/workspace,type=bind,consistency=cached"
  ],
  "customizations": {
    "vscode": {
      "extensions": [
        "ms-iot.vscode-ros",
        "ms-python.python"
      ]
    }
  },
  "workspaceFolder": "/workspace",
  "postStartCommand": "start-vnc.sh"
}